{
    "accuracy": [
        0.5248357076505616,
        0.565594483710248,
        0.6642564084907789,
        0.7566268383827907,
        0.7085607456169446,
        0.7411413756839641,
        0.8584829560104887,
        0.839732950881003,
        0.7957676735053902,
        0.8610084468906637,
        0.8226950020647319,
        0.8323922489765536,
        0.8758109322625368,
        0.7746265564813766,
        0.7894300833242611,
        0.8519707961908058,
        0.8330535623919324,
        0.9023630586456334,
        0.8436693072450225,
        0.8204365061907692
    ],
    "val_accuracy": [
        0.6025954138245088,
        0.5476398953886489,
        0.620114958215681,
        0.5581835543321487,
        0.6546280718422096,
        0.7290067768696857,
        0.664012475411168,
        0.7899899239046347,
        0.7372915104075543,
        0.7717268266369153,
        0.7605131880111277,
        0.9408783674888087,
        0.8173039106170502,
        0.7499644825980701,
        0.886294621928397,
        0.7471154705732761,
        0.8503536802579047,
        0.7011424468423016,
        0.7474636737205574,
        0.8559505163611807
    ],
    "loss": [
        0.9369233289997705,
        0.8324383484882661,
        0.7492021883429735,
        0.6775993917659099,
        0.5623299373101401,
        0.5492323173503714,
        0.5160173703272318,
        0.5501243543440734,
        0.4766440857722003,
        0.33710372002434263,
        0.41050775140689366,
        0.3470427529376478,
        0.3071092695144637,
        0.3486092488692535,
        0.3488275472780827,
        0.3250681340745538,
        0.21955633823459236,
        0.23068620044962698,
        0.24880228214744743,
        0.26843215173422597
    ],
    "val_loss": [
        0.9164578033508297,
        0.8608738060623005,
        0.7275411542819636,
        0.6589201128597274,
        0.7431328443961054,
        0.7301613297700643,
        0.5840086003645978,
        0.6175155458855693,
        0.5347776930471116,
        0.43009734497012053,
        0.46960124532274283,
        0.5239594266110815,
        0.388447546792065,
        0.4775504903341905,
        0.16389541386700304,
        0.3860373034250095,
        0.3176105091723963,
        0.2752163047095769,
        0.2886623649347544,
        0.15
    ],
    "lr": [
        0.001,
        0.0009048374180359595,
        0.0008187307530779819,
        0.0007408182206817179,
        0.0006703200460356394,
        0.0006065306597126335,
        0.0005488116360940264,
        0.0004965853037914095,
        0.0004493289641172216,
        0.00040656965974059914,
        0.00036787944117144236,
        0.00033287108369807955,
        0.00030119421191220205,
        0.0002725317930340126,
        0.00024659696394160646,
        0.00022313016014842982,
        0.00020189651799465538,
        0.0001826835240527346,
        0.00016529888822158653,
        0.00014956861922263504
    ]
}